{
  "test_intervals": 15,
  "extended_start_time": "09:30",
  "regime_start_time": "10:35",
  "regime_end_time": "12:00",
  "additional_trading_time_minutes": 65.0,
  "min_accuracy": 0.20184790334044064,
  "max_accuracy": 0.40653873489694387,
  "final_accuracy": 0.39587775408670933,
  "mean_accuracy": 0.32447287372660505,
  "accuracy_at_regime_start": 0.2935323383084577,
  "best_early_accuracy": 0.28002842928216065,
  "best_early_time": "10:30",
  "viable_for_trading": false,
  "best_early_additional_time": 85.0
}