{
  "test_intervals": 18,
  "min_accuracy": 0.18834399431414356,
  "max_accuracy": 1.0,
  "final_accuracy": 1.0,
  "mean_accuracy": 0.5358919687277897,
  "accuracy_at_50_percent": 0.457000710732054,
  "accuracy_at_75_percent": 0.6432125088841507,
  "accuracy_at_90_percent": 0.8130774697938877
}