{
  "test_intervals": 11,
  "extended_start_time": "09:00",
  "regime_start_time": "10:35",
  "regime_end_time": "12:00",
  "additional_trading_time_minutes": 95.0,
  "min_accuracy": 0.2260127931769723,
  "max_accuracy": 0.4036958066808813,
  "final_accuracy": 0.39587775408670933,
  "mean_accuracy": 0.3328810492989598,
  "accuracy_at_regime_start": 0.2935323383084577,
  "best_early_accuracy": 0.28073916133617627,
  "best_early_time": "10:22",
  "viable_for_trading": false,
  "best_early_additional_time": 85.0
}