{
  "test_intervals": 14,
  "extended_start_time": "09:45",
  "regime_start_time": "10:35",
  "regime_end_time": "12:00",
  "additional_trading_time_minutes": 50.0,
  "min_accuracy": 0.21606254442075337,
  "max_accuracy": 0.47903340440653874,
  "final_accuracy": 0.47903340440653874,
  "mean_accuracy": 0.3540968626256472,
  "accuracy_at_regime_start": 0.2565742714996446,
  "best_early_accuracy": 0.2594171997157072,
  "best_early_time": "10:30",
  "viable_for_trading": false,
  "best_early_additional_time": 85.0
}