{
  "log_likelihood": 35215.69864053483,
  "training_accuracy": 0.6265060240963856,
  "n_components": 7,
  "n_features_selected": 25,
  "regime_mapping": {
    "0": 0,
    "1": 1,
    "2": 2,
    "3": 3,
    "4": 4
  },
  "state_to_regime_mapping": {
    "0": 2,
    "1": 4,
    "2": 3,
    "3": 1,
    "4": 4,
    "5": 0,
    "6": 3
  },
  "selected_features": [
    "return_mean",
    "return_std",
    "return_max",
    "return_min",
    "realized_volatility",
    "price_range",
    "price_range_pct",
    "price_change_std",
    "max_price_change",
    "volatility_of_volatility",
    "price_level_volatility",
    "trend_slope",
    "total_price_change_pct",
    "velocity_consistency",
    "velocity_mean",
    "price_coefficient_variation",
    "avg_price_gap",
    "max_price_gap",
    "price_gap_variance",
    "rel_price_mean",
    "rel_price_std",
    "rel_price_max",
    "rel_price_min",
    "rel_price_range",
    "rel_price_final"
  ],
  "transition_matrix": [
    [
      0.7570057297246137,
      0.0033313116656979213,
      0.018139543697908635,
      0.0,
      0.05702743930494426,
      0.016655644816899608,
      0.14784033078993597
    ],
    [
      0.04773981174310783,
      0.14289150694761266,
      0.0954053241547131,
      0.047696355273497554,
      0.23705460103974274,
      0.047696355272803484,
      0.3815160455685226
    ],
    [
      0.19108287872966642,
      0.32121277744389476,
      0.2860686228510985,
      0.0,
      0.1354287684498909,
      0.059275985677322195,
      0.006930966848127309
    ],
    [
      0.0,
      0.14285714285714285,
      0.14285714285714285,
      0.5714285714285714,
      0.0,
      0.0,
      0.14285714285714285
    ],
    [
      0.5810379078129485,
      1.2906920104253702e-06,
      0.14524640033094174,
      0.02076841206715347,
      0.10999416728151755,
      0.02076845934425779,
      0.12218336247117068
    ],
    [
      0.2208626902664286,
      0.3333333333435547,
      0.11111111103988133,
      0.0,
      0.02121966172312767,
      0.0,
      0.3134732036270078
    ],
    [
      0.4556425639802252,
      0.027452155617618615,
      0.09783237566206178,
      0.012822395111446807,
      0.20526617027628086,
      2.4218887437204025e-05,
      0.20096012046492967
    ]
  ],
  "start_probabilities": [
    1.0,
    0.0,
    0.0,
    0.0,
    4.335128798813972e-209,
    0.0,
    5.3469073817635314e-111
  ],
  "unique_regimes": [
    0,
    1,
    2,
    3,
    4
  ]
}