{
  "log_likelihood": -1024.3913181741889,
  "training_accuracy": 0.4893048128342246,
  "n_components": 6,
  "n_features_selected": 20,
  "regime_mapping": {
    "0": 0,
    "1": 1,
    "2": 2,
    "3": 3,
    "4": 4,
    "5": 5
  },
  "state_to_regime_mapping": {
    "0": 3,
    "1": 2,
    "2": 5,
    "3": 1,
    "4": 4,
    "5": 0
  },
  "selected_features": [
    "rel_price_mean",
    "rel_price_std",
    "rel_price_max",
    "rel_price_range",
    "rel_price_range_pct",
    "return_mean",
    "return_std",
    "realized_volatility",
    "rel_price_change_std",
    "max_rel_price_change",
    "rel_rolling_vol_mean",
    "rel_rolling_vol_std",
    "rel_rolling_vol_max",
    "rel_momentum_mean",
    "rel_momentum_std",
    "rel_trend_slope",
    "rel_trend_r_squared",
    "rel_trend_p_value",
    "rel_trend_strength",
    "max_jump_size"
  ],
  "transition_matrix": [
    [
      0.44926057521837315,
      0.09980442824115832,
      0.003566058404888801,
      0.03209449218250516,
      0.18163286225440908,
      0.23364158369866547
    ],
    [
      0.21874301023624385,
      0.28420149669873684,
      0.007492749743551296,
      0.23933926257690763,
      0.22529363137838687,
      0.024929849366173658
    ],
    [
      0.0,
      0.005347345039997504,
      0.9786062119280767,
      0.016046443031925876,
      0.0,
      0.0
    ],
    [
      0.14217109814384588,
      0.4334529084504161,
      0.0337697222797256,
      0.24183980013335205,
      0.1081888231763729,
      0.04057764781628743
    ],
    [
      0.3253023150437493,
      0.22947079559511765,
      0.006463984247632265,
      0.007475417359722267,
      0.21673728135874162,
      0.21455020639503683
    ],
    [
      0.21727521660005883,
      0.016528175429737866,
      0.0,
      6.7182471132577415e-158,
      0.10998683746627097,
      0.6562097705039323
    ]
  ],
  "start_probabilities": [
    0.0,
    0.0,
    0.0,
    0.0,
    0.0,
    1.0
  ],
  "unique_regimes": [
    0,
    1,
    2,
    3,
    4,
    5
  ]
}