{
  "log_likelihood": 582.8559304267352,
  "training_accuracy": 0.6653465346534654,
  "n_components": 6,
  "n_features_selected": 15,
  "regime_mapping": {
    "0": 0,
    "1": 1,
    "2": 2,
    "3": 3,
    "4": 4
  },
  "state_to_regime_mapping": {
    "0": 3,
    "1": 0,
    "2": 4,
    "3": 2,
    "4": 3,
    "5": 1
  },
  "selected_features": [
    "rel_price_std",
    "rel_price_min",
    "rel_price_range",
    "rel_price_range_pct",
    "return_std",
    "realized_volatility",
    "rel_price_change_std",
    "max_rel_price_change",
    "rel_rolling_vol_mean",
    "rel_rolling_vol_std",
    "rel_rolling_vol_max",
    "rel_momentum_std",
    "rel_trend_p_value",
    "rel_trend_strength",
    "max_jump_size"
  ],
  "transition_matrix": [
    [
      0.49911896868165945,
      0.01723307063573108,
      0.0,
      0.07252409482231441,
      0.2733783181895572,
      0.137745547670738
    ],
    [
      8.645719051138535e-285,
      0.524156270873441,
      0.046449804907482496,
      0.2708744854791044,
      0.141873947666438,
      0.01664549107353408
    ],
    [
      0.0,
      0.18311006362062654,
      0.8168899363793735,
      0.0,
      0.0,
      0.0
    ],
    [
      0.07071240996544961,
      0.16879018922460715,
      8.499858967829639e-58,
      0.34489094757552996,
      0.2943555567965134,
      0.12125089643789992
    ],
    [
      0.2338383442419146,
      0.031151962398582183,
      0.007775324065885659,
      0.29300004978079774,
      0.3022813737820457,
      0.13195294573077415
    ],
    [
      0.3565093519927084,
      0.03383079431232206,
      0.0,
      0.1713507436105309,
      0.2625569939561136,
      0.17575211612832514
    ]
  ],
  "start_probabilities": [
    0.0,
    0.0,
    0.0,
    0.0,
    0.0,
    1.0
  ],
  "unique_regimes": [
    0,
    1,
    2,
    3,
    4
  ]
}