{
  "test_accuracy": 0.2,
  "classification_report": {
    "0": {
      "precision": 0.3333333333333333,
      "recall": 0.14285714285714285,
      "f1-score": 0.2,
      "support": 7.0
    },
    "1": {
      "precision": 0.0,
      "recall": 0.0,
      "f1-score": 0.0,
      "support": 2.0
    },
    "2": {
      "precision": 0.0,
      "recall": 0.0,
      "f1-score": 0.0,
      "support": 4.0
    },
    "3": {
      "precision": 0.4,
      "recall": 1.0,
      "f1-score": 0.5714285714285714,
      "support": 2.0
    },
    "4": {
      "precision": 0.14285714285714285,
      "recall": 0.2,
      "f1-score": 0.16666666666666666,
      "support": 5.0
    },
    "accuracy": 0.2,
    "macro avg": {
      "precision": 0.17523809523809525,
      "recall": 0.26857142857142857,
      "f1-score": 0.1876190476190476,
      "support": 20.0
    },
    "weighted avg": {
      "precision": 0.19238095238095237,
      "recall": 0.2,
      "f1-score": 0.1688095238095238,
      "support": 20.0
    }
  },
  "confusion_matrix": [
    [
      1,
      0,
      0,
      0,
      6
    ],
    [
      0,
      0,
      2,
      0,
      0
    ],
    [
      2,
      0,
      0,
      2,
      0
    ],
    [
      0,
      0,
      0,
      2,
      0
    ],
    [
      0,
      0,
      3,
      1,
      1
    ]
  ],
  "regime_labels": [
    0,
    1,
    2,
    3,
    4
  ],
  "average_confidence": 0.9775419820639255,
  "predictions": [
    0,
    3,
    0,
    4,
    3,
    3,
    2,
    4,
    3,
    4,
    4,
    4,
    0,
    4,
    2,
    2,
    4,
    2,
    2,
    3
  ],
  "true_labels": [
    2,
    3,
    2,
    0,
    2,
    4,
    4,
    0,
    3,
    0,
    0,
    0,
    0,
    0,
    1,
    1,
    4,
    4,
    4,
    2
  ],
  "confidence_scores": [
    1.0,
    0.9999999997623235,
    0.9999999111003784,
    1.0,
    0.997621068023228,
    0.9820118556815075,
    1.0,
    1.0,
    0.9999989148537826,
    1.0,
    0.9999999998354667,
    0.9999999999891287,
    0.9995129097857778,
    0.9999999996170317,
    0.999998403309145,
    1.0,
    0.9609427989846894,
    0.9999991322661755,
    1.0,
    0.6107546480698747
  ],
  "trading_days": [
    20220103,
    20220104,
    20220105,
    20220106,
    20220107,
    20220110,
    20220111,
    20220112,
    20220113,
    20220114,
    20220118,
    20220119,
    20220120,
    20220121,
    20220124,
    20220125,
    20220126,
    20220127,
    20220128,
    20220131
  ]
}