{
  "log_likelihood": 35135.66864792555,
  "training_accuracy": 0.6044176706827309,
  "n_components": 7,
  "n_features_selected": 25,
  "regime_mapping": {
    "0": 0,
    "1": 1,
    "2": 2,
    "3": 3,
    "4": 4
  },
  "state_to_regime_mapping": {
    "0": 4,
    "1": 4,
    "2": 1,
    "3": 3,
    "4": 0,
    "5": 1,
    "6": 2
  },
  "selected_features": [
    "return_mean",
    "return_std",
    "return_max",
    "return_min",
    "realized_volatility",
    "price_range",
    "price_range_pct",
    "price_change_std",
    "max_price_change",
    "volatility_of_volatility",
    "price_level_volatility",
    "trend_slope",
    "total_price_change_pct",
    "velocity_consistency",
    "velocity_mean",
    "price_coefficient_variation",
    "avg_price_gap",
    "max_price_gap",
    "price_gap_variance",
    "rel_price_mean",
    "rel_price_std",
    "rel_price_max",
    "rel_price_min",
    "rel_price_range",
    "rel_price_final"
  ],
  "transition_matrix": [
    [
      0.0,
      4.799599314862214e-13,
      6.867114111951781e-109,
      0.507285746883653,
      2.0874569866877927e-34,
      0.0,
      0.49271425311586703
    ],
    [
      4.013568411254926e-19,
      0.1503061797255852,
      0.07184863659445784,
      0.16628552596148322,
      0.03705573375232724,
      0.0,
      0.5745039239661465
    ],
    [
      0.1111111167992729,
      7.297846815307622e-19,
      0.05555555839882801,
      0.4171942587814721,
      0.11111111679806027,
      0.0,
      0.3050279492223668
    ],
    [
      0.012376124447046234,
      0.30687591611428305,
      0.04175124754296319,
      0.2075918579977644,
      0.07735557832351246,
      0.0,
      0.35404927557443067
    ],
    [
      3.5206751913566974e-127,
      0.04549494388841007,
      1.117774360107798e-21,
      0.3636404331487037,
      0.318226191186979,
      0.13635468465614498,
      0.1362837471197623
    ],
    [
      0.0,
      0.0,
      0.0,
      7.246647846870782e-114,
      0.42857142857142855,
      0.5714285714285714,
      0.0
    ],
    [
      0.009729520765062347,
      0.06740378376703583,
      0.03163123018909217,
      0.10859976959418263,
      0.0064003506510930605,
      0.0,
      0.776235345033534
    ]
  ],
  "start_probabilities": [
    0.0,
    8.419151542709484e-144,
    0.0,
    2.0268181226186563e-198,
    0.0,
    0.0,
    1.0
  ],
  "unique_regimes": [
    0,
    1,
    2,
    3,
    4
  ]
}