{
  "log_likelihood": -1331.5301045619485,
  "training_accuracy": 0.6260504201680672,
  "n_components": 6,
  "n_features_selected": 20,
  "regime_mapping": {
    "0": 0,
    "1": 1,
    "2": 2,
    "3": 3,
    "4": 4,
    "5": 5
  },
  "state_to_regime_mapping": {
    "0": 4,
    "1": 5,
    "2": 2,
    "3": 1,
    "4": 3,
    "5": 0
  },
  "selected_features": [
    "rel_price_mean",
    "rel_price_std",
    "rel_price_max",
    "rel_price_range",
    "rel_price_range_pct",
    "return_mean",
    "return_std",
    "realized_volatility",
    "rel_price_change_std",
    "max_rel_price_change",
    "rel_rolling_vol_mean",
    "rel_rolling_vol_std",
    "rel_rolling_vol_max",
    "rel_momentum_mean",
    "rel_momentum_std",
    "rel_trend_slope",
    "rel_trend_r_squared",
    "rel_trend_p_value",
    "rel_trend_strength",
    "max_jump_size"
  ],
  "transition_matrix": [
    [
      0.5364648841728187,
      0.0,
      0.20231523809714022,
      0.16528684901957494,
      0.011366046684010683,
      0.08456698202645548
    ],
    [
      0.0,
      0.4437880584096778,
      0.0,
      0.03634764811058867,
      0.5198642934797335,
      0.0
    ],
    [
      0.26467049776695456,
      0.0,
      0.5340110104699257,
      0.030930054168343008,
      0.0,
      0.1703884375947767
    ],
    [
      0.20120748744210876,
      1.2672465567981502e-62,
      0.04522727922535849,
      0.6633891153302498,
      0.020533342361042622,
      0.06964277564124016
    ],
    [
      2.0908915467e-313,
      0.4787267994288231,
      0.0,
      0.03128257988349611,
      0.48999062068768084,
      0.0
    ],
    [
      0.0890327871498637,
      0.0,
      0.283180063915347,
      0.09905206898943655,
      0.0,
      0.5287350799453526
    ]
  ],
  "start_probabilities": [
    0.0,
    0.0,
    0.0,
    0.0,
    0.0,
    1.0
  ],
  "unique_regimes": [
    0,
    1,
    2,
    3,
    4,
    5
  ]
}