{
  "log_likelihood": -325.47165004359897,
  "training_accuracy": 0.6217821782178218,
  "n_components": 5,
  "n_features_selected": 15,
  "regime_mapping": {
    "0": 0,
    "1": 1,
    "2": 2,
    "3": 3,
    "4": 4
  },
  "state_to_regime_mapping": {
    "0": 3,
    "1": 1,
    "2": 4,
    "3": 3,
    "4": 3
  },
  "selected_features": [
    "rel_price_std",
    "rel_price_min",
    "rel_price_max",
    "rel_price_range",
    "rel_price_range_pct",
    "return_std",
    "realized_volatility",
    "rel_price_change_std",
    "max_rel_price_change",
    "rel_rolling_vol_mean",
    "rel_rolling_vol_std",
    "rel_rolling_vol_max",
    "rel_momentum_std",
    "max_jump_size",
    "overnight_gap_magnitude"
  ],
  "transition_matrix": [
    [
      0.46691196729612966,
      0.0,
      0.03680514961272284,
      0.24057905307815663,
      0.2557038300129909
    ],
    [
      0.0,
      0.811489830898835,
      0.18851016910116494,
      0.0,
      0.0
    ],
    [
      0.04568943074562107,
      0.06075979550044328,
      0.534269523922822,
      0.35928124983111365,
      0.0
    ],
    [
      0.37165488003833097,
      0.0,
      0.16108615813411506,
      0.4672589618275541,
      0.0
    ],
    [
      0.2829642929872435,
      0.0,
      0.0,
      0.04859775125312053,
      0.6684379557596359
    ]
  ],
  "start_probabilities": [
    0.0,
    0.0,
    0.0,
    0.0,
    1.0
  ],
  "unique_regimes": [
    0,
    1,
    2,
    3,
    4
  ]
}