{
  "log_likelihood": 49803.15526988066,
  "training_accuracy": 0.15060240963855423,
  "regime_mapping": {
    